Pais,Posicion,Producto,Unidades_netas,Importe_neto_GBP,Participacion_pais_pct
Australia,1,23084,1884,3375.84,2.46
Australia,2,22722,600,2082.0,1.52
Australia,3,21731,1344,1987.2,1.45
Austria,1,22582,144,302.4,3.48
Austria,1,22584,144,302.4,3.48
Austria,2,15056BL,36,214.2,2.46
Austria,2,15056N,36,214.2,2.46
Austria,2,20679,36,214.2,2.46
Austria,3,22139,45,205.95,2.37
Bahrain,1,23076,96,120.0,21.88
Bahrain,2,23077,60,75.0,13.68
Bahrain,3,22890,6,59.7,10.89
Belgium,1,22326,420,1181.4,3.22
Belgium,2,22629,339,641.85,1.75
Belgium,2,22630,339,641.85,1.75
Belgium,3,22423,47,599.25,1.63
Brazil,1,22423,16,175.2,15.32
Brazil,2,22722,24,82.8,7.24
Brazil,3,21430,24,81.36,7.11
Canada,1,37370,504,534.24,17.15
Canada,2,20727,50,82.5,2.65
Canada,3,84077,288,60.48,1.94
Channel Islands,1,22423,44,517.8,2.6
Channel Islands,2,85099B,250,460.7,2.31
Channel Islands,3,22720,96,408.0,2.05
Cyprus,1,22827,4,580.0,4.49
Cyprus,2,85123A,144,386.4,2.99
Cyprus,3,22423,30,382.5,2.96
Czech Republic,1,22326,24,70.8,10.54
Czech Republic,2,84347,24,61.2,9.11
Czech Republic,3,21428,12,51.0,7.59
Denmark,1,22625,96,734.4,4.07
Denmark,2,22624,91,696.15,3.86
Denmark,3,22467,270,575.1,3.19
EIRE,1,22423,647,7442.85,2.87
EIRE,2,22960,784,3089.0,1.19
EIRE,3,22838,237,3041.55,1.17
European Community,1,22842,8,54.0,4.69
European Community,1,22843,8,54.0,4.69
European Community,2,22314,18,53.1,4.61
European Community,3,72807C,12,51.0,4.43
European Community,3,85036B,12,51.0,4.43
Finland,1,84997D,552,2063.28,11.27
Finland,2,84997C,348,1367.4,7.47
Finland,3,84997A,232,919.6,5.02
France,1,23084,4023,7275.12,3.99
France,2,22423,220,2581.8,1.42
France,3,21731,1314,2168.1,1.19
Germany,1,22423,737,8257.35,4.11
Germany,2,22326,1218,3554.7,1.77
Germany,3,22328,661,1949.95,0.97
Greece,1,22423,16,175.2,3.96
Greece,2,72760B,16,135.84,3.07
Greece,3,22692,20,135.0,3.05
Greece,3,48129,20,135.0,3.05
Greece,3,48184,20,135.0,3.05
Greece,3,48187,20,135.0,3.05
Greece,3,48188,20,135.0,3.05
Hong Kong,1,84997D,120,488.4,4.91
Hong Kong,2,84997B,112,455.2,4.58
Hong Kong,3,22326,150,384.9,3.87
Iceland,1,84558A,126,371.7,8.62
Iceland,2,23076,240,249.6,5.79
Iceland,3,22423,15,191.25,4.44
Israel,1,22423,50,551.1,6.97
Israel,2,23240,66,254.7,3.22
Israel,3,22326,96,244.8,3.1
Italy,1,22139,45,222.75,1.46
Italy,2,22720,43,212.85,1.39
Italy,3,22847,12,179.4,1.17
Japan,1,23084,3401,6087.79,17.19
Japan,2,22328,870,2220.9,6.27
Japan,3,21218,251,815.75,2.3
Lebanon,1,22423,12,153.0,9.03
Lebanon,2,22606,8,102.0,6.02
Lebanon,2,85066,8,102.0,6.02
Lebanon,3,21906,12,81.0,4.78
Lithuania,1,20967,36,135.0,8.13
Lithuania,2,22271,48,122.4,7.37
Lithuania,3,22750,32,120.0,7.22
Malta,1,72741,75,108.75,5.49
Malta,2,22423,7,89.25,4.51
Malta,3,23173,8,79.6,4.02
Netherlands,1,23084,4801,9568.48,3.38
Netherlands,2,22326,3132,7991.4,2.82
Netherlands,3,22629,4528,7485.6,2.64
Norway,1,22693,504,538.8,1.67
Norway,2,22635,60,527.4,1.63
Norway,3,22634,56,487.6,1.51
Poland,1,21232,168,196.32,2.86
Poland,2,37448,138,182.58,2.66
Poland,3,22722,48,177.6,2.59
Portugal,1,22139,97,463.35,1.72
Portugal,2,22411,190,387.4,1.44
Portugal,3,20725,215,354.75,1.32
RSA,1,21340,3,38.25,3.82
RSA,2,22605,2,29.9,2.98
RSA,3,23298,6,29.7,2.96
Saudi Arabia,1,22553,12,19.8,15.09
Saudi Arabia,1,22555,12,19.8,15.09
Saudi Arabia,1,22556,12,19.8,15.09
Saudi Arabia,2,22362,6,17.7,13.49
Saudi Arabia,2,22363,6,17.7,13.49
Saudi Arabia,3,22969,12,17.4,13.27
Singapore,1,48138,50,340.8,3.74
Singapore,2,22655,2,250.0,2.74
Singapore,3,22197,300,216.0,2.37
Spain,1,84997D,1089,3957.75,7.65
Spain,2,84997C,1013,3671.15,7.09
Spain,3,22423,137,1660.35,3.21
Sweden,1,22492,2916,1895.4,5.39
Sweden,2,22720,357,1767.15,5.02
Sweden,3,23297,752,1240.8,3.53
Switzerland,1,22326,479,1297.85,2.47
Switzerland,2,22554,639,977.55,1.86
Switzerland,3,22423,76,911.4,1.74
USA,1,23328,48,162.72,9.4
USA,2,22423,9,114.75,6.63
USA,3,21121,48,60.0,3.47
USA,3,21122,48,60.0,3.47
USA,3,21123,48,60.0,3.47
USA,3,21124,48,60.0,3.47
United Arab Emirates,1,22423,12,153.0,8.2
United Arab Emirates,2,23007,6,89.7,4.81
United Arab Emirates,2,23008,6,89.7,4.81
United Arab Emirates,2,23009,6,89.7,4.81
United Arab Emirates,3,47590B,12,65.4,3.51
United Kingdom,1,22423,10375,134405.94,1.62
United Kingdom,2,85123A,33250,94131.58,1.13
United Kingdom,3,47566,16705,92501.73,1.11
Unspecified,1,22960,18,70.5,1.48
Unspecified,2,23234,24,69.36,1.46
Unspecified,2,23236,24,69.36,1.46
Unspecified,3,23076,48,60.0,1.26
