Mes,Facturas_venta,Ventas_positivas_GBP,Cancelaciones_GBP,Importe_neto_GBP,Variacion_neta_pct,Cobertura
2010-12,1550,777931.77,-17607.86,760323.91,,Mes completo dentro del período
2011-01,1081,671933.19,-91526.3,580406.89,-23.66,Mes completo dentro del período
2011-02,1093,508886.2,-8375.87,500510.33,-13.77,Mes completo dentro del período
2011-03,1440,691257.61,-10675.3,680582.31,35.98,Mes completo dentro del período
2011-04,1235,516218.12,-33316.91,482901.21,-29.05,Mes completo dentro del período
2011-05,1668,741192.41,-8948.23,732244.18,51.63,Mes completo dentro del período
2011-06,1525,738751.87,-13760.84,724991.03,-0.99,Mes completo dentro del período
2011-07,1452,689364.41,-11409.21,677955.2,-6.49,Mes completo dentro del período
2011-08,1339,725513.5,-22929.52,702583.98,3.63,Mes completo dentro del período
2011-09,1818,1030475.36,-17044.68,1013430.68,44.24,Mes completo dentro del período
2011-10,2005,1106669.82,-43992.16,1062677.66,4.86,Mes completo dentro del período
2011-11,2751,1457745.53,-25010.54,1432734.99,34.82,Mes completo dentro del período
2011-12,816,615493.27,-174126.76,441366.51,,Parcial: hasta el día 9
